mmsi;signalpower;ppm;received_at;station_id;msg_id;imo ( International Maritime Organization number);callsign;shipname;shiptype (https://api.vtexplorer.com/docs/ref-aistypes.html) faire table;to_port;to_bow;to_stern;to_starboard;eta (estimation destination);draught (The depth of water a ship needs to float.);destination;status;turn;speed;lat;lon;course;heading;aid_type;alt;count (nombre personne);msg_types;channels
12345678;-19.364628;-4.62963;18/04/2024 00:39;0;NULL;NULL;PQ1939;PERROQUET;36;2;9;5;1;NULL;NULL;NULL;NULL;NULL;0;91;181;360;511;NULL;NULL;6;17039360;3
205761630;-12.717361;-8.680555;27/04/2024 00:01;0;NULL;NULL;;ECLIPSE;36;0;8;8;5;NULL;NULL;NULL;NULL;NULL;0;-22.276909;166.43768;360;511;NULL;NULL;6;17039360;3
209135000;-3.223835;-1.446759;20/04/2024 05:36;0;NULL;9395604;5BUZ4;CONTSHIP WIN;74;15;133;15;8;04-24T17:30Z;7.5;NZTRG;5;0;0;-22.263968;166.43202;0.1;286;NULL;NULL;184;40;3
209591000;-3.439406;-5.787037;04/09/2024 19:26;0;NULL;9347982;5BFN5;CONTSHIP TEN;71;12;131;16;12;09-12T00:00Z;8.3;PFPPT];5;0;0;-22.264482;166.43428;181.6;103;NULL;NULL;461;42;3
211422810;-9.785229;3.761574;16/05/2024 04:20;0;NULL;NULL;DJ9649;NES PUCK;36;1;14;1;3;NULL;NULL;NULL;NULL;NULL;0.1;-22.286777;166.43434;150.1;150;NULL;NULL;2243;17039360;3
212744000;-10.508303;-3.472222;29/03/2024 02:08;0;NULL;9457828;5BWH2;NORDISLE;89;10;95;25;10;03-29T19:00Z;6.6;NC NEP;1;0;0;-22.237581;166.38795;34.8;113;NULL;NULL;63;40;3
215973000;-8.766074;0;21/04/2024 04:13;0;NULL;9857640;9HA5400;HANSEATIC SPIRIT;69;11;18;121;11;04-19T23:00Z;5.8;NENDOE;5;0;0;-22.270958;166.43681;62.4;356;NULL;NULL;95;40;3
219028898;-3.504622;-0.868056;02/09/2024 22:54;0;NULL;NULL;XPH7398;NAVICULA BLUE;36;0;0;0;0;NULL;NULL;NULL;NULL;NULL;4.4;-22.291552;166.40045;360;511;NULL;NULL;1278;17039360;3
219032229;-3.136742;-1.736111;03/04/2024 04:08;0;NULL;9950129;OZJQ2;CAPE SPENCER;70;21;147;42;12;04-06T06:00Z;7.9;"""NC NOU>AU BNE""";5;0;0;-22.263979;166.43225;109.6;285;NULL;NULL;57;40;3
227115990;-18.407299;-3.472222;03/04/2024 01:36;0;NULL;NULL;FAA3776;3 EPICES;36;2;13;1;2;NULL;NULL;NULL;NULL;NULL;0.1;-22.276169;166.44067;360;511;NULL;NULL;436;17039360;3
227163360;-17.16933;-6.076389;08/05/2024 22:01;0;NULL;NULL;NULL;HESITATION BLUES III;NULL;NULL;NULL;NULL;NULL;NULL;NULL;NULL;NULL;NULL;NULL;NULL;NULL;NULL;NULL;NULL;NULL;1;16777216;2
227175980;-20.417934;-1.446759;07/05/2024 22:03;0;NULL;NULL;NULL;NULL;NULL;NULL;NULL;NULL;NULL;NULL;NULL;NULL;NULL;NULL;3.5;-22.291563;166.3951;265.5;511;NULL;NULL;1;262144;2
227204960;-14.474148;-3.761574;14/06/2024 04:23;0;NULL;NULL;NULL;NULL;NULL;NULL;NULL;NULL;NULL;NULL;NULL;NULL;NULL;NULL;5.8;-22.287989;166.43887;73.5;511;NULL;NULL;4;262144;3
227275450;-14.676791;-1.736111;01/09/2024 06:46;0;NULL;NULL;FGD7964;OKEANOS;37;3;11;1;4;NULL;NULL;NULL;NULL;NULL;5;-22.283316;166.41942;104;511;NULL;NULL;43;17039360;3
227298140;-18.696295;-4.050926;02/05/2024 08:51;0;NULL;NULL;FAC5461;MORA MORA;36;4;5;10;4;NULL;NULL;NULL;NULL;NULL;0.1;-22.275698;166.4405;360;511;NULL;NULL;107;17039360;3
227380460;-19.148981;0.578704;05/05/2024 08:09;0;NULL;NULL;FAC7476;DOMINO I;36;3;6;4;1;NULL;NULL;NULL;NULL;NULL;4.2;-22.285944;166.39267;46.9;511;NULL;NULL;83;17039360;3
227430250;-17.729454;-0.289352;07/05/2024 22:30;0;NULL;NULL;;AMBRYM;36;2;5;7;2;NULL;NULL;NULL;NULL;NULL;2.9;-22.30568;166.39267;244.6;511;NULL;NULL;38;17039360;3
227460850;-18.542217;-0.578704;17/06/2024 23:25;0;NULL;NULL;NULL;NULL;NULL;NULL;NULL;NULL;NULL;NULL;NULL;NULL;NULL;NULL;3.3;-22.276655;166.4395;334.5;511;NULL;NULL;2;262144;2
227470040;-18.3261;-3.761574;17/06/2024 23:15;0;NULL;NULL;;GAIA;36;3;7;4;1;NULL;NULL;NULL;NULL;NULL;6.2;-22.292414;166.3982;255.8;255;NULL;NULL;100;17039360;3
227505420;-18.554028;2.893518;30/04/2024 22:50;0;NULL;NULL;NULL;NULL;NULL;NULL;NULL;NULL;NULL;NULL;NULL;NULL;NULL;NULL;5.8;-22.28527;166.42563;235.8;511;NULL;NULL;1;262144;1
227510220;-16.108027;4.62963;05/05/2024 06:54;0;NULL;NULL;;L'EMBELLIE;36;0;0;0;0;NULL;NULL;NULL;NULL;NULL;4.1;-22.287733;166.43085;111;511;NULL;NULL;42;17039360;3
227512140;-17.653938;-4.340278;28/04/2024 05:39;0;NULL;NULL;FJ4562;GETAWAY;36;0;12;0;4;NULL;NULL;NULL;NULL;NULL;3.7;-22.276884;166.43483;70.8;511;NULL;NULL;68;17039360;3
227567760;-15.423841;14.178241;19/04/2024 05:54;0;NULL;NULL;FGD5203;ULYS;36;0;12;0;4;NULL;NULL;NULL;NULL;NULL;0.1;-22.277704;166.42813;347.9;347;NULL;NULL;51;17039360;3
227647210;-11.027293;-2.604167;05/05/2024 12:03;0;NULL;NULL;NULL;WAVE DANCER;NULL;NULL;NULL;NULL;NULL;NULL;NULL;NULL;NULL;NULL;NULL;NULL;NULL;NULL;NULL;NULL;NULL;2;16777216;3
227667170;-19.489609;1.446759;04/05/2024 22:27;0;NULL;NULL;NULL;NULL;NULL;NULL;NULL;NULL;NULL;NULL;NULL;NULL;NULL;NULL;4.3;-22.287722;166.42279;239.7;511;NULL;NULL;1;262144;2
227701010;-18.648012;-0.868056;07/05/2024 22:10;0;NULL;NULL;;KRISEOLE;37;0;0;0;0;NULL;NULL;NULL;NULL;NULL;4.4;-22.295849;166.41736;213.3;511;NULL;NULL;10;17039360;3
227774660;-15.92724;-8.680555;04/09/2024 19:27;0;NULL;NULL;FGF9678;SONAM DOLMA;36;1;7;6;3;NULL;NULL;NULL;NULL;NULL;0.1;-22.290218;166.43634;210.3;511;NULL;NULL;345;17039360;3
227811190;-2.704002;-4.050926;03/09/2024 20:55;0;NULL;NULL;FAE7742;OFFLINE;36;3;14;1;1;NULL;NULL;NULL;NULL;NULL;6.4;-22.281122;166.4181;293.4;511;NULL;NULL;310;17039360;3
227998890;-20.331118;-2.314815;15/06/2024 01:30;0;NULL;NULL;FAH2359;NULL;97;0;0;0;0;NULL;NULL;NULL;NULL;NULL;0.1;-22.271944;166.42929;348.6;511;NULL;NULL;4;17039360;3
228027800;-4.195619;-6.365741;20/03/2024 20:15;0;NULL;9642409;FIEH;MN TANGARA;79;14;96;64;14;03-20T18:30Z;7.2;NC NOU;5;0;0;-22.26486;166.43579;104;104;NULL;NULL;284;42;3
228074470;-10.231485;1.446759;07/05/2024 23:00;0;NULL;NULL;FAH9910;VAITE;36;6;6;7;1;NULL;NULL;NULL;NULL;NULL;2.3;-22.271671;166.4358;0.7;511;NULL;NULL;2365;17039360;3
228078460;-20.252483;0.868056;30/04/2024 22:45;0;NULL;NULL;NULL;NULL;NULL;NULL;NULL;NULL;NULL;NULL;NULL;NULL;NULL;NULL;3;-22.284279;166.42554;260.6;511;NULL;NULL;1;262144;1
228084900;-17.676397;8.101851;29/03/2024 20:59;0;NULL;NULL;FJXG;MANUIA;36;2;7;6;2;NULL;NULL;NULL;NULL;NULL;5.7;-22.284658;166.39912;270.6;0;NULL;NULL;33;17039360;3
228110700;-14.644876;-2.893518;04/09/2024 07:03;0;NULL;NULL;FOKY;MAGIC ROOTS;36;0;0;0;0;NULL;NULL;NULL;NULL;NULL;0;-22.276604;166.43927;0;511;NULL;NULL;345;17039360;3
228110790;-15.860168;-6.365741;04/09/2024 07:52;0;NULL;NULL;FAJ481;SAN CRISTOBAL;36;4;8;8;4;NULL;NULL;NULL;NULL;NULL;0.3;-22.28548;166.44278;217;511;NULL;NULL;939;17039360;3
228111000;-16.839386;-2.025463;04/09/2024 07:15;0;NULL;9128506;FNUR;R/V ANTEA;30;6;17;18;6;09-11T17:30Z;3.9;NOUMEA;0;0;5.8;-22.304573;166.30733;163.90001;162;NULL;NULL;2232;16777258;3
228199610;-16.789433;-4.918982;04/09/2024 19:22;0;NULL;NULL;FWBR;JUMBO TOP;36;3;8;4;3;NULL;NULL;NULL;NULL;NULL;0.2;-22.281376;166.4324;7.5;511;NULL;NULL;342;17039360;3
228207900;-16.030499;-5.787037;04/09/2024 19:27;0;NULL;NULL;FWBC;NAUTILUS 360;60;5;6;18;6;NULL;NULL;NULL;NULL;NULL;0.1;-22.27647;166.43904;360;511;NULL;NULL;210;17039360;3
228379700;-2.991503;-4.918982;16/05/2024 04:19;0;NULL;7360655;FLXO;PLASTIC ODYSSEY;90;4;15;25;5;05-12T06:00Z;3.6;NOUMEA;1;127;0;-22.261808;166.41562;71.8;132;NULL;NULL;107;40;3
228451700;-11.214614;-0.578704;02/04/2024 06:46;0;NULL;9802504;FMXC;MARIUS;70;26;178;16;6;04-07T17:30Z;9.400001;AUBNE - BRISBANE;5;0;0;-22.26402;166.4327;351;284;NULL;NULL;24;40;3
229378000;-4.020588;0;17/03/2024 07:35;0;NULL;9616230;9HA3283;EUROPA 2;60;15;46;180;15;03-17T20:00Z;6.5;NC LIF;5;0;0;-22.27215;166.4369;199.40001;175;NULL;NULL;141;16777256;3
229660000;-2.91221;-1.446759;02/05/2024 03:38;0;NULL;9408372;9HA5547;SOFRANA SURVILLE;71;18;114;29;5;05-04T20:00Z;7.6;AUBNE;5;0;0;-22.263866;166.43185;199;284;NULL;NULL;102;40;3
232032840;-17.67885;-1.736111;05/05/2024 12:18;0;NULL;9192363;MIOY4;PACIFIC ENCOUNTER;60;25;39;251;25;05-05T21:00Z;8.6;LIFOU;0;0;18.5;-22.360819;166.55089;108.200005;107;NULL;NULL;461;42;3
232043039;-14.446831;-4.62963;05/05/2024 12:22;0;NULL;NULL;MLXU4;TOCCATA;37;0;0;0;0;NULL;NULL;NULL;NULL;NULL;0;-22.276482;166.43922;245.1;236;NULL;NULL;295;17039360;3
239173400;-15.34009;-3.18287;09/05/2024 02:24;0;NULL;NULL;SY8358;DESPOINA;36;4;10;8;1;NULL;NULL;NULL;NULL;NULL;0.2;-22.281363;166.43141;360;511;NULL;NULL;46;17039360;3
241821000;-19.186935;-2.893518;18/06/2024 01:04;0;NULL;NULL;NULL;NULL;NULL;NULL;NULL;NULL;NULL;NULL;NULL;NULL;1;2;0.1;-22.332214;166.69716;207;298;NULL;NULL;1;8;2
244870334;-14.293344;-3.761574;04/09/2024 19:27;0;NULL;NULL;PE9859;NO WAY BACK SOLO;37;4;9;9;2;NULL;NULL;NULL;NULL;NULL;0;-22.278074;166.43712;74.8;511;NULL;NULL;431;17039360;3
247086680;-11.586271;-3.472222;31/08/2024 02:37;0;NULL;NULL;IO9209;DOMINO;36;2;8;7;2;NULL;NULL;NULL;NULL;NULL;3;-22.277906;166.43153;65.1;511;NULL;NULL;36;17039360;3
248910000;-2.100194;-0.868056;03/04/2024 04:09;0;NULL;9375288;9HA4856;TOREADOR;70;24;40;160;9;04-03T02:00Z;8.5;NC NOU;5;0;0.1;-22.26509;166.43634;283.80002;105;NULL;NULL;188;42;3
255715000;-4.979003;-4.050926;31/08/2024 02:37;0;NULL;9470894;CQHH;BALDUR;71;6;138;23;19;08-31T01:00Z;8.1;NCNOU;5;0;0;-22.263977;166.43184;96;105;NULL;NULL;146;42;3
255805551;-6.467751;-2.314815;19/03/2024 22:29;0;NULL;9290165;CQIB;VICTORIA;9;14;159;19;14;03-18T18:00Z;9.7;NCNOU;5;0;0;-22.26394;166.43196;124.3;104;NULL;NULL;30;40;3
255806208;-9.527993;0.578704;27/03/2024 06:47;0;NULL;9000168;CQAL6;HERITAGE ADVENTURER;69;10;24;101;10;03-26T17:30Z;5;NC NOU;5;0;0;-22.268679;166.43428;0.9;91;NULL;NULL;6;40;3
255915657;-3.739561;-0.578704;27/03/2024 06:47;0;NULL;9701279;CQ2115;FRIDA RUSS;71;9;169;16;21;03-26T03:00Z;9;NCNOU;5;0;0;-22.264345;166.43408;114.5;105;NULL;NULL;12;40;3
259274000;-9.101342;-2.025463;11/03/2024 08:00;0;NULL;9710749;LAUO7;HOEGH TROTTER;79;24;27;173;13;03-10T22:00Z;8.2;NZ AKL>NC NOU;5;0;0;-22.264954;166.43652;110.700005;105;NULL;NULL;56;40;3
305293000;-17.875292;-0.578704;16/05/2024 04:18;0;NULL;NULL;NULL;NULL;NULL;NULL;NULL;NULL;NULL;NULL;NULL;NULL;1;11;0.1;-22.247742;166.39995;28.9;117;NULL;NULL;30;10;3
311000267;-18.312815;-2.604167;30/03/2024 07:51;0;NULL;9549463;C6BH8;QUANTUM OF THE SEAS;60;21;35;313;21;03-30T22:00Z;9;MYSTERY ISLAND;0;0;16.7;-22.337366;166.47847;109.3;110;NULL;NULL;355;42;3
311001188;-2.119171;0;17/03/2024 20:08;0;NULL;9733284;C6GA4;AFRICAN ORIOLE;70;16;160;20;14;03-22T17:00Z;10;NZ GIZ;5;0;0;-22.2583;166.43544;97.9;143;NULL;NULL;268;40;3
311746000;-18.579477;-0.578704;31/03/2024 07:13;0;NULL;9141065;C6TQ6;NORWEGIAN SPIRIT;69;18;60;209;18;03-30T19:45Z;8.400001;MYSTERY ISLAND, VANU;0;1;19.800001;-22.372694;166.59315;98.4;98;NULL;NULL;383;42;3
316028869;-18.52549;-3.472222;07/05/2024 22:40;0;NULL;NULL;;KORRIGAN;36;2;13;0;2;NULL;NULL;NULL;NULL;NULL;5.7;-22.29652;166.39764;246.2;511;NULL;NULL;184;17039360;3
316045798;-18.168125;0.578704;02/05/2024 02:38;0;NULL;NULL;;NANUK;36;4;7;7;4;NULL;NULL;NULL;NULL;NULL;6.6;-22.329432;166.46584;89.5;511;NULL;NULL;695;17039360;3
338089915;-9.788238;-6.076389;02/09/2024 00:55;0;NULL;NULL;;BREEZE;36;1;13;1;4;NULL;NULL;NULL;NULL;NULL;0;-22.276924;166.43988;274.6;511;NULL;NULL;36;17039360;3
339229000;-10.650665;-4.340278;28/04/2024 04:25;0;NULL;NULL;6YVH8;ICEBERG;37;0;0;0;0;NULL;NULL;NULL;NULL;NULL;0;-22.286064;166.44115;170.8;511;NULL;NULL;141;17039360;3
347019440;-11.087083;0.868056;18/04/2024 02:38;0;NULL;NULL;FAF4223;KERMOTU;36;4;7;7;3;NULL;NULL;NULL;NULL;NULL;0;-22.278324;166.43657;360;511;NULL;NULL;21;17039360;3
351454000;0.01866;-2.314815;04/09/2024 19:28;0;NULL;9788801;H8EO;ARAUCARIA;70;7;132;29;19;09-02T21:00Z;6.1;NOUMEA-ANCHORAGE NC;1;0;0.3;-22.256126;166.41428;252.2;181;NULL;NULL;3980;16777258;3
352001683;-1.397753;-2.025463;13/03/2024 07:34;0;NULL;9961271;3E2705;ANL TASMAN TRADER;71;8;120;22;15;03-17T15:00Z;6.9;NCTRG;5;0;0;-22.263937;166.43195;186.3;284;NULL;NULL;49;40;3
352002485;-0.999026;-2.025463;18/06/2024 01:15;0;NULL;9643609;3E2326;PACIFIC MELODY;70;17;133;25;7;05-28T10:00Z;5.5;NOUM_NC;1;0;0.1;-22.250507;166.40439;44.7;295;NULL;NULL;374;40;3
352003022;-11.372203;-1.736111;21/04/2024 04:14;0;NULL;9977995;3E4759;GAS BLOSSOM;80;4;80;20;14;04-20T08:00Z;5.4;NCNOU;1;0;0;-22.236774;166.38821;308.1;112;NULL;NULL;152;42;3
353213000;-2.129575;-2.314815;04/09/2024 08:57;0;NULL;9788796;H9MI;AMBORELLA;70;7;132;29;19;09-04T20:00Z;6.2;NEPOUI_NC;1;0;0.1;-22.259754;166.41951;177.40001;162;NULL;NULL;2914;16777258;3
354905000;-1.699119;-2.314815;18/06/2024 01:14;0;NULL;9424637;3EOC7;VALENTE VENUS;70;9;134;27;17;06-11T22:00Z;7.4;NC NOUM;1;0;0;-22.237682;166.39322;345.5;275;NULL;NULL;365;40;3
354950000;-8.506998;1.157407;03/04/2024 04:10;0;NULL;9470791;3FID3;AC SESODA;70;19;146;23;9;03-21T20:00Z;8.6;NC  NOU;5;0;0;-22.245897;166.41385;179.40001;182;NULL;NULL;407;40;3
367761520;-9.019627;-7.233796;03/09/2024 01:56;0;NULL;NULL;NULL;;NULL;NULL;NULL;NULL;NULL;NULL;NULL;NULL;NULL;NULL;NULL;NULL;NULL;NULL;NULL;NULL;NULL;5;16777216;3
368295270;-13.07583;0.289352;13/06/2024 07:30;0;NULL;NULL;WDN6031;IRIA;36;4;9;3;4;NULL;NULL;NULL;NULL;NULL;0.1;-22.276505;166.43904;157.90001;511;NULL;NULL;42;17039360;3
370437000;-0.03988;-2.025463;18/06/2024 01:15;0;NULL;9307267;3FWI6;MSC CORINNA;70;8;166;44;22;06-18T03:00Z;8.3;NCNOU;5;0;0;-22.264668;166.43526;73;104;NULL;NULL;231;42;3
372543000;-2.209887;-2.604167;18/06/2024 01:16;0;NULL;9333101;3EJJ9;DONIAMBO;70;11;133;28;15;05-01T21:15Z;7.4;NOUMEA ANCHOR;1;0;0.1;-22.242296;166.39851;359.4;280;NULL;NULL;418;16777256;3
372808000;-18.342354;0;01/05/2024 08:10;0;NULL;9333163;3EUS;CARNIVAL SPLENDOR;60;22;35;256;22;05-01T20:30Z;8.5;NC NOU - NC LIF;0;0;16.800001;-22.365644;166.56493;107.1;107;NULL;NULL;993;42;3
373860000;-1.139699;-2.893518;01/09/2024 06:44;0;NULL;9646417;3FLB4;JULES GARNIER II;70;17;137;24;9;09-02T08:30Z;6.2;NOUMEA;1;0;0.2;-22.259834;166.41301;94.8;120;NULL;NULL;3463;16777258;3
431011000;-2.947951;0;04/05/2024 01:41;0;NULL;9255921;7KAC;PACIFIC ISLANDER 2;70;16;127;34;9;05-06T17:00Z;7.5;FJ LTK;5;0;0;-22.264668;166.43446;265;105;NULL;NULL;59;40;3
431361000;-11.783885;-0.289352;02/05/2024 03:38;0;NULL;NULL;JQCA;YAHATAMARU NO.68;30;3;30;24;6;NULL;NULL;NULL;NULL;NULL;0;-22.265102;166.43658;325.6;511;NULL;NULL;104;17039360;3
431548000;-9.012715;-0.868056;17/03/2024 20:08;0;NULL;9370379;7KAA;SOUTH ISLANDER;71;17;128;33;8;03-17T17:00Z;7.8;NC NOU;5;0;0;-22.2648;166.43527;343;105;NULL;NULL;11;40;3
431663000;-7.045837;-1.446759;08/05/2024 22:33;0;NULL;9109275;JQRB;KAIGATAMARU NO.88;30;7;24;26;2;03-20T01:00Z;2;FISHING GROUND;0;0;0;-22.26861;166.43394;143.6;272;NULL;NULL;1091;42;3
477110600;-18.421328;-2.604167;05/05/2024 12:22;0;NULL;9354909;VREF8;SEAWAYS OLIVE;89;12;151;32;20;05-04T14:00Z;8.3;NOUMEA;5;0;0;-22.237291;166.40361;225.5;106;NULL;NULL;11;40;3
477477400;-4.714118;-2.314815;04/05/2024 01:41;0;NULL;9689952;VROO8;NEW GUINEA CHIEF;74;24;158;18;4;05-03T03:30Z;8.5;NCNOU;5;0;0;-22.264032;166.43195;290.2;104;NULL;NULL;4829;42;3
477477700;-17.67853;-3.18287;03/09/2024 06:41;0;NULL;9689964;VROO7;PAPUAN CHIEF;74;24;158;18;4;09-14T00:05Z;7.9;TW KHH;0;1;12.400001;-22.253166;166.37335;230.3;232;NULL;NULL;1161;42;3
477615600;-9.775331;-0.868056;03/04/2024 04:05;0;NULL;9848778;VRSL4;CARPENTERS VEGA;74;13;165;21;19;04-01T22:30Z;8.8;NC NOU;0;5;13.5;-22.30178;166.41333;139.5;143;NULL;NULL;18;42;3
503030700;-9.634649;-2.893518;04/09/2024 02:25;0;NULL;NULL;VJN3607;SUNNY SPELLS;36;2;6;8;2;NULL;NULL;NULL;NULL;NULL;0;-22.276718;166.4392;154.2;511;NULL;NULL;33;17039360;3
503068480;-7.313942;0.578704;09/05/2024 02:38;0;NULL;NULL;VMEC;MAJOR TOM;36;0;7;13;5;NULL;NULL;NULL;NULL;NULL;0.2;-22.279018;166.43147;360;511;NULL;NULL;25;17039360;3
503068770;-18.87607;0;14/06/2024 05:24;0;NULL;NULL;;SHELBY;36;0;15;1;4;NULL;NULL;NULL;NULL;NULL;1.4;-22.358438;166.36407;255.7;511;NULL;NULL;256;17039360;3
503115990;-12.006549;-4.050926;04/09/2024 19:27;0;NULL;NULL;PU267S;CADENCE;36;0;0;0;0;NULL;NULL;NULL;NULL;NULL;0.3;-22.276754;166.44003;360;511;NULL;NULL;784;17039360;3
503132160;-16.322506;-0.868056;01/05/2024 06:22;0;NULL;NULL;SY509;LOLI-POP;37;2;5;8;3;NULL;NULL;NULL;NULL;NULL;6.7;-22.275372;166.3849;314.30002;329;NULL;NULL;25;17039360;3
503138720;-14.327411;-0.868056;04/09/2024 19:28;0;NULL;NULL;;KEKADA 2;37;4;9;6;4;NULL;NULL;NULL;NULL;NULL;0.2;-22.281261;166.4313;360;511;NULL;NULL;324;17039360;3
503164580;-7.185212;1.446759;09/05/2024 02:36;0;NULL;NULL;863786;POLLY PEPTIDE;36;4;7;7;1;NULL;NULL;NULL;NULL;NULL;0.1;-22.276655;166.43996;148.3;511;NULL;NULL;27;17039360;3
512000959;-9.551701;-1.157407;05/05/2024 12:12;0;NULL;NULL;ZMA2414;CHARLOTTE ROSE;36;3;13;3;2;NULL;NULL;NULL;NULL;NULL;102.3;-22.281076;166.43137;360;511;NULL;NULL;208;17039360;3
512006181;-19.113266;-4.340278;04/09/2024 19:26;0;NULL;NULL;ZMG3482;TE TOKATEA;36;0;0;10;3;NULL;NULL;NULL;NULL;NULL;0.1;-22.287098;166.43591;12.900001;511;NULL;NULL;519;17039360;3
533130158;-16.674637;-5.787037;05/05/2024 06:34;0;NULL;NULL;9MTD6;KATALI;36;0;0;0;0;NULL;NULL;NULL;NULL;NULL;4.8;-22.288591;166.43137;114.8;511;NULL;NULL;12;17039360;3
538008142;-17.25524;-2.314815;04/09/2024 07:50;0;NULL;9843780;V7A2010;LARGO CALIFORNIA;80;8;149;34;24;09-03T19:00Z;8.8;SB HIR > NC NOU;5;0;0;-22.237047;166.40361;5.2;106;NULL;NULL;315;42;3
538010369;-18.275864;-0.578704;31/08/2024 02:38;0;NULL;9427940;V7A5950;VIKING PAGLIA;70;16;32;151;16;09-11T00:01Z;7.7; NC NOU > CN SHA;0;0;14.5;-22.325214;166.28552;222.40001;220;NULL;NULL;616;42;3
540000240;-18.002203;-2.893518;03/09/2024 20:34;0;NULL;0;FG8786;MARY D PRINCESS;65;3;29;0;3;00-00T24:60Z;1.5;VALLON DORE;0;-128;17.9;-22.314808;166.51215;64;511;NULL;NULL;1862;42;3
540000320;-16.409399;-2.893518;03/09/2024 03:20;0;NULL;NULL;FW7226;LYLIANE;31;1;3;10;3;NULL;NULL;NULL;NULL;NULL;0;-22.244543;166.41542;304.7;511;NULL;NULL;40;17039360;3
540000630;-13.344044;-2.604167;15/03/2024 22:35;0;NULL;NULL;NULL;NULL;NULL;NULL;NULL;NULL;NULL;NULL;NULL;NULL;NULL;NULL;5.5;-22.285976;166.42569;256;511;NULL;NULL;3;262144;3
540000880;-16.059414;-2.604167;13/06/2024 01:11;0;NULL;0;FN4357;STERNE 2 PILOT BOAT;50;3;11;6;3;00-00T24:60Z;1.4;;0;-128;20;-22.325838;166.44795;127.8;511;NULL;NULL;202;42;3
540001000;-8.502524;-1.157407;04/09/2024 19:28;0;NULL;NULL;FNJN;LOUIS HENIN;33;4;14;14;3;NULL;NULL;NULL;NULL;NULL;0;-22.242174;166.41595;174.40001;511;NULL;NULL;4201;17039360;3
540001310;-18.106987;-2.025463;18/06/2024 01:14;0;NULL;NULL;FGE4289;CATALYST II;37;5;10;5;1;NULL;NULL;NULL;NULL;NULL;2.8;-22.285572;166.42546;90.700005;102;NULL;NULL;5;17039360;2
540001430;-15.141109;2.314815;04/09/2024 19:28;0;NULL;0;FGE5148;NOUMEA.PILOT.NODDI;0;30;10;20;40;00-00T24:60Z;0;HOME;15;-128;0;-22.275206;166.43962;131.1;511;NULL;NULL;5139;42;3
540001770;-17.691969;-4.918982;13/06/2024 09:20;0;NULL;NULL;FGE6562;VOLANTIS;36;1;9;3;6;NULL;NULL;NULL;NULL;NULL;0;-22.278566;166.43796;360;511;NULL;NULL;7;17039360;3
540001910;-15.371242;-6.655093;04/09/2024 19:26;0;NULL;NULL;FGE788;SULULU YA PILI;36;2;11;7;2;NULL;NULL;NULL;NULL;NULL;0;-22.277937;166.43646;47.5;511;NULL;NULL;1152;17039360;3
540001940;-17.581795;-2.314815;16/06/2024 00:01;0;NULL;NULL;FGE8554;41 SUD;36;2;12;8;2;NULL;NULL;NULL;NULL;NULL;0.1;-22.292028;166.43729;111.6;511;NULL;NULL;63;17039360;3
540002230;-16.619488;-7.233796;01/09/2024 06:43;0;NULL;NULL;FGD8101;TE FETIA;36;2;9;6;6;NULL;NULL;NULL;NULL;NULL;0.1;-22.289907;166.43852;23.7;511;NULL;NULL;241;17039360;3
540002440;-19.185284;0.868056;07/05/2024 23:00;0;NULL;NULL;FGE4284;CATANOUZOT;37;4;10;3;3;NULL;NULL;NULL;NULL;NULL;5.5;-22.308859;166.42749;161.90001;511;NULL;NULL;39;17039360;3
540002660;-18.179834;-4.050926;02/09/2024 06:33;0;NULL;NULL;FGF5402;AMOUAVA;60;2;2;4;2;NULL;NULL;NULL;NULL;NULL;5.3;-22.286074;166.44057;40.8;511;NULL;NULL;217;17039360;3
540002940;-18.247082;2.604167;01/05/2024 08:04;0;NULL;NULL;NULL;NULL;NULL;NULL;NULL;NULL;NULL;NULL;NULL;NULL;NULL;NULL;5.2;-22.28817;166.43137;105.700005;511;NULL;NULL;9;262144;3
540003220;-19.099377;-1.446759;21/04/2024 01:26;0;NULL;0;FGF6131;SNS 270   .;51;3;4;6;1;00-00T24:60Z;1;NOUMEA;0;-128;3.9;-22.276262;166.43823;82;511;NULL;NULL;730;42;3
540003300;-11.416143;-0.289352;04/09/2024 02:19;0;NULL;NULL;FOCK;OUARAI;52;3;5;10;1;NULL;NULL;NULL;NULL;NULL;0.1;-22.244852;166.41544;141.8;511;NULL;NULL;167;17039360;3
540003690;-19.674093;0.868056;03/09/2024 03:02;0;NULL;NULL;FGE8954;ZAP;37;3;6;9;3;NULL;NULL;NULL;NULL;NULL;0.2;-22.277563;166.43668;67;511;NULL;NULL;134;17039360;3
540004000;-15.969248;-0.289352;02/09/2024 22:05;0;NULL;0;FWXT;F/V PESCANA RESOLU;30;2;15;15;6;04-27T22:00Z;3.5;NOUMEA;5;-128;8.5;-22.264544;166.35437;231.90001;511;NULL;NULL;1245;42;3
540004050;-19.00599;11.284722;04/09/2024 19:16;0;NULL;NULL;FT4043;KALIM;36;4;4;8;2;NULL;NULL;NULL;NULL;NULL;0.2;-22.287334;166.44185;360;511;NULL;NULL;701;17039360;3
540004470;-17.790855;-3.18287;31/08/2024 02:14;0;NULL;NULL;FGG3201;TY KALON;36;1;12;1;6;NULL;NULL;NULL;NULL;NULL;7.5;-22.27443;166.38593;291.30002;511;NULL;NULL;16;17039360;3
540005030;-10.438257;-0.289352;01/09/2024 06:45;0;NULL;NULL;;LANCER;37;0;8;8;0;NULL;NULL;NULL;NULL;NULL;0.2;-22.278679;166.43712;184.6;511;NULL;NULL;216;17039360;3
540005770;-15.741377;-3.18287;05/05/2024 07:03;0;NULL;NULL;FGB3426;TABOU;37;2;5;10;3;NULL;NULL;NULL;NULL;NULL;4.8;-22.288511;166.4368;65;511;NULL;NULL;175;17039360;3
540005830;-17.578121;4.050926;01/09/2024 06:41;0;NULL;NULL;FGG8229;TR1LLUM;37;1;0;6;3;NULL;NULL;NULL;NULL;NULL;5.4;-22.28518;166.41075;163.3;511;NULL;NULL;34;17039360;3
540006070;-14.767066;-3.761574;04/09/2024 19:12;0;NULL;NULL;FGG9143; HOT DOG;60;1;3;5;2;NULL;NULL;NULL;NULL;NULL;26.300001;-22.299232;166.42842;153.8;511;NULL;NULL;233;17039360;3
540006120;-9.385291;-2.025463;04/09/2024 07:25;0;NULL;NULL;;S/V POULPITO;36;2;11;0;2;NULL;NULL;NULL;NULL;NULL;0;-22.289602;166.43718;360;511;NULL;NULL;1417;17039360;3
540006230;-7.868583;-5.208333;04/09/2024 19:28;0;NULL;NULL;FGG9174;GREY DOG;60;1;3;5;1;NULL;NULL;NULL;NULL;NULL;21.2;-22.2606;166.41278;288.1;511;NULL;NULL;331;17039360;3
540006450;-17.985872;-5.497685;15/06/2024 07:07;0;NULL;NULL;FGH3121;HOMER;60;2;3;5;2;NULL;NULL;NULL;NULL;NULL;0.1;-22.276133;166.44066;360;511;NULL;NULL;58;17039360;3
540006460;-17.582819;-6.076389;04/09/2024 06:50;0;NULL;NULL;FGH3123;NAUTICA;60;1;3;5;1;NULL;NULL;NULL;NULL;NULL;22.7;-22.285397;166.42584;39.3;511;NULL;NULL;59;17039360;3
540006870;-15.296192;4.050926;16/05/2024 04:09;0;NULL;NULL;FGH3733;SNS619;51;1;5;1;1;NULL;NULL;NULL;NULL;NULL;6.4;-22.21316;166.4441;263.5;511;NULL;NULL;162;17039360;3
540007250;-10.642036;-1.157407;04/09/2024 19:28;0;NULL;0;FAA2693;GAIAC;52;5;13;11;6;10-04T10:00Z;5;NOUMEA;0;-128;0.4;-22.238033;166.40466;81;511;NULL;NULL;9465;42;3
540007360;-12.928409;-3.761574;31/08/2024 00:24;0;NULL;NULL;FGA7360;IMAGINE 1;36;0;0;0;0;NULL;NULL;NULL;NULL;NULL;3.8;-22.286572;166.432;136.3;511;NULL;NULL;73;17039360;3
540007560;-13.672659;-4.340278;01/09/2024 05:48;0;NULL;NULL;FAA3929;IBILDUN LAU;37;2;7;5;2;NULL;NULL;NULL;NULL;NULL;0;-22.276781;166.43906;360;63;NULL;NULL;374;17039360;3
540007750;-9.258422;2.604167;03/09/2024 07:04;0;NULL;NULL;FAA5582;FURAX2;37;5;11;5;3;NULL;NULL;NULL;NULL;NULL;0;-22.290525;166.43637;360;511;NULL;NULL;31;17039360;3
540007900;-13.639118;-2.604167;17/06/2024 00:40;0;NULL;NULL;FMIP;CAP NDOUA;52;7;8;17;2;NULL;NULL;NULL;NULL;NULL;0;-22.268677;166.43402;25.4;511;NULL;NULL;16;17039360;3
540007930;-19.394884;-2.893518;16/03/2024 22:47;0;NULL;NULL;;NULL;36;2;12;4;5;NULL;NULL;NULL;NULL;NULL;6.9;-22.286007;166.42377;213.2;511;NULL;NULL;6;17039360;3
540008340;-16.01487;-10.416667;31/08/2024 23:39;0;NULL;NULL;FAA8318;TAI'A;36;0;15;1;5;NULL;NULL;NULL;NULL;NULL;5.5;-22.287788;166.42326;223;511;NULL;NULL;40;17039360;3
540008500;-12.26259;-1.736111;03/09/2024 06:23;0;NULL;NULL;FQNK;BAYOU;36;4;13;5;5;NULL;NULL;NULL;NULL;NULL;0.3;-22.270836;166.42754;307.5;511;NULL;NULL;14;17039360;3
540008520;-13.420601;-4.62963;15/03/2024 22:52;0;NULL;NULL;NULL;LIFOU;NULL;NULL;NULL;NULL;NULL;NULL;NULL;NULL;NULL;NULL;102.3;91;181;360;511;NULL;NULL;3;17039360;3
540008610;-9.019466;-4.918982;04/09/2024 06:36;0;NULL;NULL;FAA9172;TIMIE 3;37;4;10;4;4;NULL;NULL;NULL;NULL;NULL;0;-22.28999;166.4381;360;84;NULL;NULL;135;17039360;3
540008850;-15.008813;-2.314815;03/09/2024 20:44;0;NULL;NULL;NULL;NULL;NULL;NULL;NULL;NULL;NULL;NULL;NULL;NULL;NULL;NULL;9.6;-22.276617;166.43573;257.80002;511;NULL;NULL;3;262144;3
540008900;-13.548919;-5.787037;01/09/2024 06:05;0;NULL;NULL;FNNU;CHAMPEJE;36;0;0;0;0;NULL;NULL;NULL;NULL;NULL;0;-22.289686;166.4387;360;285;NULL;NULL;93;17039360;3
540009290;-17.2086;-3.472222;08/05/2024 22:19;0;NULL;NULL;FAB6024;NAUTICA 2;60;1;3;5;1;NULL;NULL;NULL;NULL;NULL;18.6;-22.29037;166.42397;173.8;511;NULL;NULL;239;17039360;3
540009300;-4.800153;-1.446759;14/04/2024 04:14;0;NULL;9515486;FNQK;LAURA III;73;10;70;8;5;03-17T00:00Z;3;NOUMEA;5;-128;0;-22.265688;166.42418;317.1;511;NULL;NULL;128;40;3
540009390;-15.801316;-2.314815;15/06/2024 01:33;0;NULL;NULL;FAB6137;MAXENCE;60;2;4;4;1;NULL;NULL;NULL;NULL;NULL;20.6;-22.270388;166.43158;331.9;314;NULL;NULL;67;17039360;3
540009400;-15.2367;0.868056;04/09/2024 19:27;0;NULL;NULL;FNQS;MARCEL VIRATELLE;52;2;5;15;4;NULL;NULL;NULL;NULL;NULL;0;-22.265182;166.43826;84.3;511;NULL;NULL;349;17039360;3
540009420;-13.936435;-3.472222;04/09/2024 07:18;0;NULL;NULL;FAB6224;SERENDIPITY;36;2;5;7;0;NULL;NULL;NULL;NULL;NULL;4;-22.288784;166.43654;48.9;511;NULL;NULL;46;17039360;3
540009500;-11.495563;-2.893518;16/05/2024 04:20;0;NULL;NULL;;;37;0;0;0;0;NULL;NULL;NULL;NULL;NULL;0;-22.276867;166.43765;0;511;NULL;NULL;16;17039360;3
540009600;-13.554849;-2.604167;04/09/2024 19:28;0;NULL;9464924;FNRI;BETICO 2;40;6;19;37;8;09-01T21:30Z;3;NOUMEA;9;0;0;-22.268417;166.43668;80.8;89;NULL;NULL;17458;42;3
540009650;-17.611164;-3.761574;14/06/2024 05:18;0;NULL;NULL;FAB7670;KHAN;36;4;7;7;0;NULL;NULL;NULL;NULL;NULL;0;-22.284803;166.44138;360;511;NULL;NULL;141;17039360;3
540009860;-17.974874;-2.025463;04/09/2024 19:18;0;NULL;NULL;FMDQ;CASA;36;1;7;6;6;NULL;NULL;NULL;NULL;NULL;0;-22.277193;166.44014;46.3;511;NULL;NULL;986;17039360;3
540009930;-16.693443;-3.18287;04/09/2024 07:26;0;NULL;NULL;FL6561;BLADE RUNNER;37;0;10;0;3;NULL;NULL;NULL;NULL;NULL;1.6;-22.292826;166.4371;240.7;511;NULL;NULL;422;17039360;3
540009980;-13.994368;-4.918982;04/09/2024 19:26;0;NULL;NULL;FGD7816;KAORI;52;2;12;12;9;NULL;NULL;NULL;NULL;NULL;0.8;-22.237345;166.40326;145.5;511;NULL;NULL;4929;17039360;3
540010010;-17.080591;-6.944445;03/09/2024 05:17;0;NULL;0;;PILOT_OCEANITE;0;0;0;0;0;00-00T24:45Z;0;;5;-128;6.9;-22.276052;166.43893;266.7;511;NULL;NULL;874;42;3
540010100;-18.220675;-5.497685;31/08/2024 20:18;0;NULL;NULL;FW9248;YANDE;36;2;7;6;5;NULL;NULL;NULL;NULL;NULL;5.8;-22.310905;166.43845;121.200005;511;NULL;NULL;54;17039360;3
540010350;-16.925385;-5.787037;02/09/2024 07:01;0;NULL;NULL;NULL;NULL;NULL;NULL;NULL;NULL;NULL;NULL;NULL;NULL;NULL;NULL;4.7;-22.276968;166.43677;236.8;511;NULL;NULL;3;262144;1
540010620;-12.668476;-1.157407;03/09/2024 06:22;0;NULL;NULL;FAC3554;NAEL;60;1;3;5;1;NULL;NULL;NULL;NULL;NULL;21.9;-22.284729;166.42702;40.7;511;NULL;NULL;13;17039360;3
540010660;-17.32654;-2.604167;30/04/2024 23:05;0;NULL;NULL;FAC4194;VULCAIN;36;2;14;0;2;NULL;NULL;NULL;NULL;NULL;0;-22.291067;166.43707;360;511;NULL;NULL;55;17039360;3
540010690;-15.126324;-5.497685;15/06/2024 06:30;0;NULL;NULL;FAC4204;HOOKIPA;36;4;6;5;0;NULL;NULL;NULL;NULL;NULL;0;-22.292168;166.43694;360;511;NULL;NULL;529;17039360;3
540010700;-11.260424;-1.157407;17/06/2024 00:40;0;NULL;0;FFZB;F/V LA RENAISSANCE;30;4;7;12;3;08-10T12:15Z;2.3;BANC ARGO;0;0;0.1;-22.26737;166.42482;225.8;95;NULL;NULL;603;42;3
540010790;-9.714498;-1.446759;03/09/2024 20:54;0;NULL;NULL;FAC6077;BOSS;52;2;7;10;3;NULL;NULL;NULL;NULL;NULL;102.3;-22.243473;166.41565;360;511;NULL;NULL;99;17039360;3
540010800;-2.154232;-2.604167;18/06/2024 01:16;0;NULL;0;FHQT;F/V LA VOIE DU NORD;30;2;7;11;4;00-00T24:60Z;2.6;;5;-128;0.1;-22.267374;166.42484;232.7;511;NULL;NULL;139;42;3
540010840;-15.011092;-3.472222;29/03/2024 00:19;0;NULL;NULL;;BOULEGUE;36;3;7;3;0;NULL;NULL;NULL;NULL;NULL;0;-22.292513;166.43698;360;511;NULL;NULL;32;17039360;3
540010900;-1.047994;-2.314815;18/06/2024 01:16;0;NULL;0;FHXA;AMBORELLA;30;3;14;10;4;00-00T24:60Z;1.6;;0;0;0;-22.275904;166.43918;255.7;86;NULL;NULL;1589;42;3
540010920;-18.549713;-3.472222;04/09/2024 07:10;0;NULL;NULL;VJN2892;GUILTY PLESURES;37;0;6;6;3;NULL;NULL;NULL;NULL;NULL;6.6;-22.28935;166.43181;188.7;511;NULL;NULL;153;17039360;3
540011140;-16.309235;-2.604167;04/09/2024 19:28;0;NULL;NULL;FAC7130;PILOTE NEA BALBUZARD;50;1;2;1;4;NULL;NULL;NULL;NULL;NULL;0;-22.275272;166.43939;299.7;511;NULL;NULL;463;17039360;3
540011300;-18.631569;-3.18287;03/09/2024 06:33;0;NULL;9643398;FICV;PRONY EXPRESS;40;5;17;24;6;09-03T07:15Z;2.5;NOUMEA;0;0;36.8;-22.330633;166.50778;87.9;86;NULL;NULL;11596;16777258;3
540011410;-19.552633;1.446759;01/04/2024 22:36;0;NULL;NULL;FAC7793;FISSA;36;2;8;4;4;NULL;NULL;NULL;NULL;NULL;0;-22.291733;166.43704;325.5;511;NULL;NULL;17;17039360;3
540011640;-18.193237;-2.314815;21/04/2024 01:45;0;NULL;NULL;FAC9040;SANCERRE;37;5;9;5;2;NULL;NULL;NULL;NULL;NULL;10;-22.31728;166.42946;312.6;511;NULL;NULL;218;17039360;3
540011660;-17.360678;-5.497685;16/06/2024 00:24;0;NULL;NULL;FAC9044;CHABLIS;36;3;5;8;4;NULL;NULL;NULL;NULL;NULL;3.9;-22.365532;166.36836;215.2;511;NULL;NULL;62;17039360;3
540011900;-2.1594;1.446759;04/09/2024 19:26;0;NULL;NULL;FGD9565;CHAMBON LARGADE;52;2;6;19;7;NULL;NULL;NULL;NULL;NULL;0;-22.265072;166.41902;273.5;511;NULL;NULL;2430;17039360;3
540011920;-16.591356;0.868056;01/09/2024 06:29;0;NULL;NULL;FAD2777;ORCA;37;4;8;4;4;NULL;NULL;NULL;NULL;NULL;0.1;-22.290081;166.43654;360;511;NULL;NULL;41;17039360;3
540011960;-19.1059;-2.893518;03/09/2024 20:43;0;NULL;NULL;FAD3111;LONG ISLAND;30;0;0;0;0;NULL;NULL;NULL;NULL;NULL;21.9;-22.294508;166.42654;150.8;150;NULL;NULL;505;17039360;3
540012100;-8.700106;-1.157407;20/03/2024 08:10;0;NULL;0;FIHQ;NANI;1;3;5;10;3;10-12T03:00Z;2.5;NOUMEA;5;-128;0;-22.24422;166.41551;90.8;511;NULL;NULL;458;40;3
540012200;-1.799424;0;04/09/2024 02:23;0;NULL;9674945;FIIL;ISAN;70;10;56;8;4;09-04T03:00Z;3.4;NOUMEA PORT (GR);5;0;0;-22.265251;166.4244;100.9;104;NULL;NULL;1511;42;3
540012260;-17.165813;-4.050926;04/09/2024 19:07;0;NULL;NULL;FAD5164;ABACA;36;1;4;9;6;NULL;NULL;NULL;NULL;NULL;0.1;-22.284737;166.43607;360;511;NULL;NULL;40;17039360;3
540012380;-5.623549;-2.604167;28/04/2024 01:55;0;NULL;NULL;FAD5395;LEON;37;0;0;0;0;NULL;NULL;NULL;NULL;NULL;6.7;-22.286903;166.42957;90.9;511;NULL;NULL;340;17039360;3
540012430;-14.979399;-2.314815;19/04/2024 22:02;0;NULL;NULL;;EBON HAWK;37;2;14;0;0;NULL;NULL;NULL;NULL;NULL;4.8;-22.296434;166.39235;254;511;NULL;NULL;59;17039360;3
540012700;-11.23287;-1.736111;09/05/2024 02:38;0;NULL;9309760;FIWT;EMILE VIRATELLE;52;8;4;24;2;03-09T11:15Z;4;NOUMEA;0;-128;0;-22.273008;166.42761;0;511;NULL;NULL;21158;42;3
540013070;-12.995706;-3.18287;14/04/2024 00:28;0;NULL;NULL;FQ5114;NULL;37;3;8;0;0;NULL;NULL;NULL;NULL;NULL;25.800001;-22.285042;166.42603;218;212;NULL;NULL;11;17039360;3
540013100;-13.384742;-1.446759;02/09/2024 02:05;0;NULL;9859040;FLDD;FV/DREHU;30;3;17;4;4;00-00T24:60Z;0;;15;0;7.2;-22.2494;166.3712;243.6;241;NULL;NULL;1353;42;3
540013200;-3.979226;-1.446759;15/06/2024 00:20;0;NULL;9859002;FLDE;FV/DRUBEA-KAPUME;30;3;17;4;4;00-00T24:60Z;0;NOUMEA;8;0;0;-22.266912;166.42336;250.3;108;NULL;NULL;140;42;3
540013300;-15.181875;-2.314815;14/06/2024 05:53;0;NULL;9876282;FLWB;F/V IAAI;30;4;14;7;3;00-00T24:60Z;0;HAVANNAH;0;0;8.400001;-22.291899;166.40323;137.8;140;NULL;NULL;511;42;3
540013400;-4.705352;-1.446759;14/06/2024 01:14;0;NULL;9876309;FLWC;F/V PAICI-CEMUHI;30;4;14;7;3;00-00T24:60Z;0;*;8;0;0;-22.266886;166.42334;130.1;107;NULL;NULL;290;42;3
540013500;-2.887374;-2.025463;19/04/2024 01:32;0;NULL;9876294;FLWD;F/V NENGONE;30;4;14;7;3;00-00T24:60Z;2.5;NOUMEAA;0;0;0;-22.26706;166.42384;116.200005;108;NULL;NULL;1516;42;3
540013700;-6.325259;-1.446759;02/09/2024 22:17;0;NULL;9903152;FMMB;F/V HOOT MA WHAAP;30;3;9;12;4;00-00T24:60Z;2.2;;8;0;0;-22.274221;166.4283;321.1;319;NULL;NULL;694;42;3
540013800;-1.383522;-0.868056;17/06/2024 23:08;0;NULL;9903164;FMMC;F/V AJIE ARHO;30;3;9;12;4;05-11T06:30Z;0;NEA;0;127;0;-22.26712;166.424;155.5;112;NULL;NULL;390;42;3
540014100;-6.119797;-0.289352;04/09/2024 19:28;0;NULL;0;FMNY;RHUMB MELBA;99;2;8;8;4;09-05T09:30Z;2.4;VALLON DRE;3;-128;0;-22.243256;166.41571;266.30002;511;NULL;NULL;306;42;3
540014120;-14.783212;-2.314815;04/09/2024 19:25;0;NULL;NULL;;LARIMAR;36;0;0;0;0;NULL;NULL;NULL;NULL;NULL;0.1;-22.285915;166.4336;270.30002;511;NULL;NULL;2078;17039360;3
540014370;-11.513;8.680555;28/04/2024 04:26;0;NULL;NULL;FILH;DIPSI;36;2;13;1;2;NULL;NULL;NULL;NULL;NULL;3.1;-22.276669;166.43571;75.200005;511;NULL;NULL;52;17039360;3
540014400;-16.585144;-1.446759;03/09/2024 04:11;0;NULL;9901520;FMRC;CYATHEA;52;8;12;18;5;06-19T08:00Z;5.2;NOUMEA;5;0;9.3;-22.339993;166.49846;115.4;119;NULL;NULL;8724;42;3
540014820;-11.891213;-0.578704;28/04/2024 05:50;0;NULL;9812937;FJXZ;MARY D SEVEN;66;6;15;23;2;00-00T24:60Z;1.2;NOUMEA(PORT MOSELLE);0;0;1.1;-22.276487;166.44081;85.1;86;NULL;NULL;2003;42;3
540015010;-12.538305;-3.18287;20/04/2024 05:35;0;NULL;NULL;;TIALITY;37;3;8;4;3;NULL;NULL;NULL;NULL;NULL;0.2;-22.278316;166.4368;190.2;45;NULL;NULL;236;17039360;3
540015610;-15.518572;-2.604167;02/09/2024 22:48;0;NULL;NULL;FAE9536;MAMMAMIA;36;4;14;1;0;NULL;NULL;NULL;NULL;NULL;3.8;-22.288692;166.43648;56.7;511;NULL;NULL;41;17039360;3
540015620;-18.276922;-1.736111;15/06/2024 07:19;0;NULL;0;FAE9637;SNS163;51;3;8;8;2;00-00T17:58Z;1.5;BAIE N GO;15;0;18;-22.32883;166.53296;92.4;93;NULL;NULL;9635;42;3
540015870;-15.320439;-2.025463;15/06/2024 01:23;0;NULL;NULL;FAF2368;HAVITI;60;1;3;4;1;NULL;NULL;NULL;NULL;NULL;3.3;-22.27711;166.43666;216.40001;511;NULL;NULL;341;17039360;3
540015980;-10.401039;-1.157407;02/09/2024 07:18;0;NULL;NULL;FJ8401;M/V ARK-A-TEK;37;1;13;2;3;NULL;NULL;NULL;NULL;NULL;0.1;-22.291826;166.43654;44.600002;511;NULL;NULL;173;17039360;3
540016030;-18.897177;1.446759;03/09/2024 06:04;0;NULL;NULL;;BRS1 ROMEO;51;0;0;0;0;NULL;NULL;NULL;NULL;NULL;26.6;-22.277454;166.43391;54.8;511;NULL;NULL;20;17039360;3
540016230;-13.132977;-6.076389;04/09/2024 07:37;0;NULL;NULL;FL5468;AXIANS UNTOUCHABLE;36;0;0;0;0;NULL;NULL;NULL;NULL;NULL;0;-22.290836;166.43686;360;143;NULL;NULL;614;17039360;3
540016470;-2.998677;-2.604167;16/03/2024 05:18;0;NULL;NULL;;BRER FOX;37;1;7;6;3;NULL;NULL;NULL;NULL;NULL;0;-22.293055;166.4376;360;511;NULL;NULL;56;17039360;3
540016540;-18.34715;-4.050926;02/09/2024 20:59;0;NULL;NULL;FAF5639;UJJAYI;37;3;6;6;4;NULL;NULL;NULL;NULL;NULL;6.2;-22.286966;166.42207;254.6;511;NULL;NULL;20;17039360;3
540016590;-6.750665;0.868056;16/03/2024 05:40;0;NULL;NULL;NULL;NULL;NULL;NULL;NULL;NULL;NULL;NULL;NULL;NULL;NULL;NULL;23.5;-22.261251;166.41612;130.40001;511;NULL;NULL;1;262144;1
540016630;-17.595816;-5.497685;31/03/2024 06:32;0;NULL;NULL;FAF6348;NULL;60;1;4;4;1;NULL;NULL;NULL;NULL;NULL;6.8;-22.276394;166.43657;70;511;NULL;NULL;16;17039360;3
540016680;-17.802856;-5.787037;04/09/2024 19:28;0;NULL;NULL;FAF6359;GREEN DOG;60;0;0;0;0;NULL;NULL;NULL;NULL;NULL;27.7;-22.267004;166.42503;308.80002;511;NULL;NULL;78;17039360;3
540017040;-16.499033;-2.314815;24/03/2024 04:55;0;NULL;NULL;FJ9391;DIOGENE;36;3;11;0;0;NULL;NULL;NULL;NULL;NULL;0;-22.277613;166.43858;360;511;NULL;NULL;29;17039360;3
540017050;-17.315943;-7.233796;04/09/2024 07:05;0;NULL;NULL;FAF7566;MIA;60;0;0;0;0;NULL;NULL;NULL;NULL;NULL;0;-22.27732;166.43767;360;226;NULL;NULL;50;17039360;3
540017090;-15.04903;-4.050926;02/09/2024 22:39;0;NULL;NULL;FGE4828;ORLI;37;2;5;8;2;NULL;NULL;NULL;NULL;NULL;18.4;-22.26434;166.38258;305.5;303;NULL;NULL;38;17039360;3
540017180;-18.517433;-2.025463;03/09/2024 20:52;0;NULL;NULL;FAF8085;TAMANOU;60;1;2;5;2;NULL;NULL;NULL;NULL;NULL;0;-22.277231;166.43633;360;511;NULL;NULL;83;17039360;3
540017360;-16.730806;-1.736111;01/09/2024 06:09;0;NULL;NULL;FAF8618;BAGGALA;37;4;7;7;4;NULL;NULL;NULL;NULL;NULL;0;-22.275919;166.44066;360;511;NULL;NULL;85;17039360;3
540017510;-14.412413;-0.578704;04/09/2024 19:28;0;NULL;NULL;FVLE;MAYUMBA;37;1;11;4;4;NULL;NULL;NULL;NULL;NULL;0.1;-22.28461;166.44032;35.3;511;NULL;NULL;1579;17039360;3
540017550;-18.630526;-1.736111;29/03/2024 01:59;0;NULL;9849095;FLUZ;F/V SAINT GABRIEL;30;3;11;11;4;03-20T06:30Z;2.2;NOUMEA;0;-128;8;-22.366049;166.56459;111;511;NULL;NULL;577;42;3
540017560;-18.477379;-0.578704;14/06/2024 05:08;0;NULL;9849100;FLVG;F/V SAINT MICHEL;30;3;11;11;4;00-00T24:60Z;0;;2;-128;7.8;-22.232243;166.3259;286;511;NULL;NULL;414;42;3
540017570;-17.505423;-2.025463;02/09/2024 00:58;0;NULL;9849112;FLVH;F/V SAINT RAPHAEL;30;3;11;11;4;00-00T24:60Z;0;;0;-128;7.9;-22.265055;166.35738;226.5;511;NULL;NULL;1915;42;3
540017830;-13.586949;-1.446759;17/03/2024 06:22;0;NULL;NULL;FAG2914;NIRVANA;50;0;0;0;0;NULL;NULL;NULL;NULL;NULL;5.2;-22.281513;166.40349;285;511;NULL;NULL;42;17039360;3
540018120;-17.777851;-8.101851;03/09/2024 01:48;0;NULL;NULL;FAG5940;FIRST EDITION;60;2;4;4;2;NULL;NULL;NULL;NULL;NULL;0.1;-22.2722;166.42801;360;511;NULL;NULL;309;17039360;3
540018990;-11.669369;-2.314815;18/06/2024 01:16;0;NULL;NULL;;CAPTAIN MAC;37;3;127;511;3;NULL;NULL;NULL;NULL;NULL;0;-22.2853;166.44133;0;511;NULL;NULL;148;17039360;3
540019050;-17.66866;-0.289352;22/03/2024 22:47;0;NULL;NULL;FAG9847;L'ARGO;36;3;6;6;4;NULL;NULL;NULL;NULL;NULL;4.3;-22.289652;166.40373;270;511;NULL;NULL;5;17039360;3
540019310;-13.263161;-2.314815;16/05/2024 04:00;0;NULL;NULL;FQ8427;PANDORA;37;0;0;0;0;NULL;NULL;NULL;NULL;NULL;7;-22.292631;166.39622;246;511;NULL;NULL;30;17039360;3
540019360;-19.698809;-1.157407;03/04/2024 04:03;0;NULL;NULL;FAH3847;CARLINE;37;3;7;6;3;NULL;NULL;NULL;NULL;NULL;5.9;-22.324068;166.43098;336;511;NULL;NULL;36;17039360;3
540019370;-10.026933;1.157407;17/03/2024 05:50;0;NULL;NULL;FAH3850;CALLUNE;37;4;7;6;4;NULL;NULL;NULL;NULL;NULL;0.1;-22.275972;166.4405;360;511;NULL;NULL;50;17039360;3
540019380;-19.083763;-2.893518;07/05/2024 23:00;0;NULL;NULL;FAH3851;BUGRANE;37;4;7;6;4;NULL;NULL;NULL;NULL;NULL;8.1;-22.28066;166.43018;206.40001;511;NULL;NULL;60;17039360;3
540019410;-17.173956;2.025463;02/05/2024 00:41;0;NULL;NULL;FAH3857;BRYONE;37;4;7;6;4;NULL;NULL;NULL;NULL;NULL;0.1;-22.277205;166.43636;360;511;NULL;NULL;37;17039360;3
540019580;-16.326782;-1.157407;17/06/2024 00:20;0;NULL;NULL;FAH4573;FAT DOG;37;1;4;5;2;NULL;NULL;NULL;NULL;NULL;4.2;-22.289116;166.43712;237.90001;511;NULL;NULL;46;17039360;3
540019950;-15.886779;0.868056;04/05/2024 22:59;0;NULL;NULL;FAH5445;CIPANGO;36;2;7;4;2;NULL;NULL;NULL;NULL;NULL;4.8;-22.288233;166.43117;107.9;110;NULL;NULL;72;17039360;3
540020040;-18.131578;2.604167;28/04/2024 07:58;0;NULL;NULL;NULL;NULL;NULL;NULL;NULL;NULL;NULL;NULL;NULL;NULL;NULL;NULL;4;-22.276814;166.35939;44.600002;511;NULL;NULL;4;262144;3
540020360;-13.374864;-2.893518;04/05/2024 22:14;0;NULL;NULL;FAH7764;DOOMA;37;2;3;6;2;NULL;NULL;NULL;NULL;NULL;6.3;-22.2763;166.4375;83.200005;511;NULL;NULL;35;17039360;3
540020370;-1.714129;-2.025463;01/09/2024 06:46;0;NULL;NULL;FAH8087;LAURENA DELTA;37;5;6;11;5;NULL;NULL;NULL;NULL;NULL;0.1;-22.278425;166.43689;360;511;NULL;NULL;316;17039360;3
540020410;-11.442927;-3.18287;27/04/2024 00:50;0;NULL;NULL;FQUX;THE ONE;37;2;7;13;2;NULL;NULL;NULL;NULL;NULL;9.1;-22.286486;166.42827;289.9;511;NULL;NULL;9;17039360;3
540020830;-4.573008;-4.918982;03/09/2024 04:58;0;NULL;NULL;FAJ2603;TAITTINGER;37;3;9;5;2;NULL;NULL;NULL;NULL;NULL;3.9;-22.2859;166.42738;110.4;511;NULL;NULL;59;17039360;3
540020940;-10.629805;-3.472222;04/05/2024 22:41;0;NULL;NULL;FAJ2619;LEVI;37;1;0;0;5;NULL;NULL;NULL;NULL;NULL;12.5;-22.291542;166.42078;198.5;198;NULL;NULL;6;17563648;3
540021220;-13.288481;-3.472222;04/09/2024 07:22;0;NULL;NULL;;SNATCH N FURIOUS;36;0;0;0;0;NULL;NULL;NULL;NULL;NULL;1.6;-22.292282;166.43733;130.6;511;NULL;NULL;577;17039360;3
540021360;-18.620703;-8.391204;04/09/2024 07:40;0;NULL;NULL;FGG8210;MULEQUE;37;0;0;0;0;NULL;NULL;NULL;NULL;NULL;1.3;-22.292852;166.437;199.90001;511;NULL;NULL;183;17039360;3
540021510;-21.650984;-1.736111;20/04/2024 03:08;0;NULL;NULL;NULL;NULL;NULL;NULL;NULL;NULL;NULL;NULL;NULL;NULL;NULL;NULL;11.6;-22.216377;166.38023;63.9;511;NULL;NULL;1;262144;1
540021540;-15.522909;-2.314815;30/03/2024 23:00;0;NULL;NULL;FAJ7025;UNDERCOVER;37;2;6;6;2;NULL;NULL;NULL;NULL;NULL;1.6;-22.288507;166.43277;288.2;511;NULL;NULL;15;17039360;3
540021580;-15.501052;-2.314815;04/09/2024 19:27;0;NULL;NULL;FAJ7332;OCEANE;37;1;8;7;3;NULL;NULL;NULL;NULL;NULL;0;-22.289366;166.43811;360;511;NULL;NULL;164;17039360;3
540021610;-12.786005;-2.604167;01/09/2024 06:22;0;NULL;NULL;NULL;MUREX;NULL;NULL;NULL;NULL;NULL;NULL;NULL;NULL;NULL;NULL;10.400001;-22.28735;166.42406;39.2;43;NULL;NULL;5;17039360;3
540021680;-4.508761;-4.62963;04/09/2024 19:28;0;NULL;0;FAJ8322;CAMBRIA;52;3;6;10;2;04-04T18:00Z;2.4;NUMBO;0;-128;0;-22.243032;166.41573;360;511;NULL;NULL;12509;42;3
540022090;-15.431107;-8.101851;15/06/2024 06:29;0;NULL;NULL;FAJ9807;LOUBAROU;37;2;5;5;2;NULL;NULL;NULL;NULL;NULL;0;-22.292454;166.4376;360;511;NULL;NULL;249;17039360;3
540022330;-16.747927;-0.289352;01/09/2024 02:47;0;NULL;NULL;FAK3443;YOUNG GUNS;36;0;0;0;0;NULL;NULL;NULL;NULL;NULL;0;-22.27802;166.4372;215.2;511;NULL;NULL;148;17039360;3
540022360;-14.569649;-3.18287;29/03/2024 21:04;0;NULL;NULL;NULL;SDF;NULL;NULL;NULL;NULL;NULL;NULL;NULL;NULL;NULL;NULL;NULL;NULL;NULL;NULL;NULL;NULL;NULL;2;16777216;3
540022460;-18.159218;-1.446759;13/04/2024 21:43;0;NULL;NULL;FAK4606;N'DUI;52;1;3;9;4;NULL;NULL;NULL;NULL;NULL;0;-22.242922;166.41592;360;511;NULL;NULL;31;17039360;3
540022530;-17.027544;-4.62963;31/08/2024 20:30;0;NULL;NULL;FAK5122;MACHA II;37;1;3;3;1;NULL;NULL;NULL;NULL;NULL;46.3;-22.240555;166.45825;338.30002;511;NULL;NULL;44;17039360;3
540022590;-17.395649;-3.761574;04/09/2024 07:05;0;NULL;NULL;FAK5594;COMMANDOG;60;1;3;5;2;NULL;NULL;NULL;NULL;NULL;4;-22.289133;166.43802;270.4;511;NULL;NULL;563;17039360;3
540022720;-11.034373;-4.340278;02/09/2024 03:32;0;NULL;NULL;FAK6250;MY CLOUD;37;4;7;7;4;NULL;NULL;NULL;NULL;NULL;0;-22.289476;166.43854;360;511;NULL;NULL;1592;17039360;3
540022950;-13.407295;-2.314815;17/06/2024 00:13;0;NULL;NULL;FGA2641;MALOYA;36;4;9;3;0;NULL;NULL;NULL;NULL;NULL;0;-22.28523;166.4413;360;287;NULL;NULL;103;17039360;3
540023140;-5.221375;-7.523148;04/09/2024 19:28;0;NULL;0;FAK7469;BULLDOG;52;4;7;9;2;08-27T09:30Z;2.5;NUMBO;11;-128;0;-22.243011;166.41568;360;511;NULL;NULL;17232;16777258;3
540023220;-18.487268;-2.604167;08/05/2024 01:13;0;NULL;NULL;;MALUCO;36;3;7;3;0;NULL;NULL;NULL;NULL;NULL;0;-22.29218;166.43846;182.7;511;NULL;NULL;4;17039360;3
540023230;-16.250967;-4.050926;04/09/2024 07:52;0;NULL;NULL;FAK8237;BALANCELLE;36;3;7;5;1;NULL;NULL;NULL;NULL;NULL;NULL;NULL;NULL;NULL;NULL;NULL;NULL;4;16777216;3
540023330;-12.02385;-4.918982;04/09/2024 07:38;0;NULL;NULL;FT7121;TOO FARR OUT;37;4;8;4;0;NULL;NULL;NULL;NULL;NULL;0;-22.291769;166.43756;360;511;NULL;NULL;169;17039360;3
540108000;-19.971127;-1.157407;04/09/2024 19:28;0;NULL;NULL;FKWB;S/V NORMA;36;3;15;0;4;NULL;NULL;NULL;NULL;NULL;0;-22.290424;166.43636;353.30002;511;NULL;NULL;1782;17039360;3
540111000;-8.098221;0.289352;04/09/2024 19:28;0;NULL;NULL;FOOV;TAMANOU;52;9;10;20;0;NULL;NULL;NULL;NULL;NULL;0;-22.265152;166.419;360;511;NULL;NULL;4196;17039360;3
540119000;-15.771679;-3.761574;04/09/2024 19:14;0;NULL;NULL;FOTW;ORO;36;5;7;7;2;NULL;NULL;NULL;NULL;NULL;0.3;-22.284273;166.43648;210;210;NULL;NULL;523;17039360;3
546015460;-9.321749;-0.868056;04/09/2024 19:26;0;NULL;NULL;FAG4769;AMAZONE;36;3;16;0;3;NULL;NULL;NULL;NULL;NULL;0.1;-22.27762;166.43686;229.7;511;NULL;NULL;3324;17039360;3
546019590;-17.19705;-4.918982;08/05/2024 22:33;0;NULL;NULL;FAJ2408;UNAVOQ II;36;2;7;6;5;NULL;NULL;NULL;NULL;NULL;1.8;-22.285582;166.43144;162.3;511;NULL;NULL;189;17039360;3
563024900;-18.626942;0;14/03/2024 07:54;0;NULL;9743502;9V3438;MANDALAY;74;22;170;19;8;03-17T23:30Z;8.900001;AUBNE;5;0;14.900001;-22.292355;166.32283;225.6;224;NULL;NULL;90;42;3
563026300;-5.094355;-0.289352;02/04/2024 06:44;0;NULL;9793272;9V5544;CHALLENGE PRIME;80;8;147;36;24;04-01T17:00Z;8.400001;NOUMEA;5;0;0;-22.2373;166.4035;211.2;99;NULL;NULL;28;40;3
563032400;-12.671452;-1.446759;13/06/2024 09:22;0;NULL;9793284;9V5639;CHALLENGE POLLUX;80;8;147;36;24;06-11T19:00Z;8.900001;NC NOU;5;0;0;-22.237295;166.40353;7;105;NULL;NULL;50;40;3
563062500;-9.11369;-0.578704;27/03/2024 06:45;0;NULL;9821457;9V5993;SOUTHERN PEARL;70;8;92;18;14;03-30T04:00Z;6.8;SANTO;5;0;0;-22.263802;166.4317;121.1;284;NULL;NULL;17;40;3
563089800;-16.432003;-1.157407;27/03/2024 06:46;0;NULL;9849253;9V6168;RESOLVE II;80;10;147;36;22;03-26T13:01Z;8.400001;NC NOU;5;0;0;-22.237125;166.40358;304.80002;103;NULL;NULL;6;40;3
563179600;-17.173822;-2.604167;20/04/2024 05:37;0;NULL;9960291;9V6425;PARTRIDGE PACIFIC;80;4;147;36;28;04-20T00:01Z;7.6;NOUMEA,NC;5;0;0;-22.237154;166.40366;30.7;105;NULL;NULL;236;42;3
563214700;-7.783611;-4.918982;03/09/2024 07:17;0;NULL;9675808;9V9419;NPDL TAHITI;70;16;130;18;7;09-05T17:00Z;8.7;LAUTOKA;5;0;0;-22.26402;166.43207;352.1;284;NULL;NULL;590;42;3
563324000;-14.498735;-0.289352;17/06/2024 05:29;0;NULL;9614505;9V9713;KIRIBATI CHIEF;74;15;183;17;13;06-30T00:00Z;8.900001;THSRI;0;6;11.8;-22.244484;166.38376;236.1;236;NULL;NULL;895;42;3
563709000;-3.747888;0.868056;02/05/2024 09:00;0;NULL;9614517;9V9714;MAJURO CHIEF;74;15;186;14;13;05-01T20:00Z;8;NCNOU;5;-3;0.1;-22.26415;166.43259;226;102;NULL;NULL;1569;42;3
563991000;-17.049704;-0.868056;13/06/2024 01:31;0;NULL;9614529;9V9832;APIA CHIEF;74;12;180;20;16;06-11T18:00Z;8.400001;FJLTK;0;-1;16.5;-22.36102;166.54924;109.4;109;NULL;NULL;379;42;3
564135000;-12.662903;-0.868056;09/05/2024 02:37;0;NULL;9614531;9V9715;NOUMEA CHIEF;70;15;186;14;13;05-09T00:00Z;8.900001;NCNOU;1;0;0.2;-22.247875;166.39972;51;112;NULL;NULL;286;42;3
566556000;-8.717428;-1.736111;27/04/2024 00:45;0;NULL;9607203;9V2921;BW KESTREL;80;9;150;33;23;04-26T04:00Z;8;VU VLI>NC NOU;5;0;0;-22.256687;166.43413;65.4;142;NULL;NULL;31;40;3
566866000;-3.910894;-0.289352;14/06/2024 01:12;0;NULL;9614476;9V9710;SAMOA CHIEF;74;15;180;20;13;06-17T21:00Z;9;NZ AKL;5;0;0.2;-22.264338;166.43336;19;106;NULL;NULL;81;40;3
566908000;-8.618322;-0.868056;29/03/2024 02:07;0;NULL;9614488;9V9711;PORT VILA CHIEF;74;15;180;20;13;03-28T16:00Z;8.3;NCNOU;5;-2;0.1;-22.26414;166.43222;228.5;105;NULL;NULL;71;40;3
578000200;-18.63599;-2.893518;08/03/2024 07:46;0;NULL;9641675;FIHV;LE SOLEAL;60;9;51;91;9;03-08T19:00Z;5;LIFOU;0;0;12.3;-22.340923;166.49294;112.1;110;NULL;NULL;239;42;3
636017164;-2.525731;-2.025463;18/06/2024 01:14;0;NULL;9226815;A8ET4;ARKADIA;70;4;153;17;20;06-16T14:00Z;9.7;NC NOU;5;0;0;-22.264204;166.43256;285.80002;104;NULL;NULL;109;42;3
636019841;-18.193825;-0.868056;13/06/2024 06:55;0;NULL;9228576;ELZC6;MSC NILA II;0;7;167;21;23;06-15T18:00Z;8.900001;SUVA;0;0;16.800001;-22.293869;166.40233;140.1;140;NULL;NULL;69;42;3
636020440;-7.971287;-1.736111;29/03/2024 02:06;0;NULL;9236585;D5ZG3;MSC KANU F;70;18;137;22;6;03-25T20:00Z;9.400001;NOUMEA,NEW CALEDONIA;5;0;0;-22.264675;166.4346;183;105;NULL;NULL;70;16777256;3
636021230;-19.234207;-0.868056;08/05/2024 03:56;0;NULL;9405100;5LCX6;MELANESIAN CHIEF;70;12;132;16;11;05-10T17:00Z;7.8;FJLTK;5;4;15.1;-22.361258;166.55324;108.8;108;NULL;NULL;60;42;3
636021234;-14.293283;-1.446759;12/03/2024 07:30;0;NULL;9501772;5LCY2;SONGA LEOPARD;70;15;167;13;13;03-14T20:00Z;7.6;FJSUV;5;-2;0;-22.264263;166.43312;290.5;104;NULL;NULL;45;40;3
636092708;-5.577618;0.289352;22/03/2024 06:58;0;NULL;9690092;D5LJ7;SEATRADE ORANGE;79;15;167;18;15;03-21T22:00Z;8.900001;NOUMEA;5;0;0;-22.263968;166.43211;15.400001;105;NULL;NULL;46;40;3
636092711;-6.167002;-0.868056;14/06/2024 01:14;0;NULL;9690107;D5LR9;SEATRADE RED;79;15;167;18;15;06-12T18:30Z;8.900001;NCNOU;5;0;0;-22.264017;166.43237;82.700005;285;NULL;NULL;283;42;3
665111122;-12.443408;-3.472222;30/04/2024 23:01;0;NULL;NULL;ZHHO;NOMADICA;36;4;17;0;0;NULL;NULL;NULL;NULL;NULL;0;-22.276579;166.43912;163;511;NULL;NULL;15;17039360;3
995401000;-9.092475;-1.446759;04/09/2024 19:27;0;NULL;NULL;NULL;NULL;NULL;1;1;1;1;NULL;NULL;NULL;NULL;NULL;NULL;-22.292112;166.43549;NULL;NULL;30;NULL;467;2097152;3
